object_id,ein,HsptlFclts_FcltyNm,BsnssNm_BsnssNmLn1Txt,USAddrss_AddrssLn1Txt,USAddrss_CtyNm,USAddrss_SttAbbrvtnCd,USAddrss_ZIPCd,HsptlFclts_SttLcnsNm,HsptlFclts_LcnsdHsptlInd,HsptlFclts_GnrlMdclAndSrgclInd,HsptlFclts_TchngHsptlInd,HsptlFclts_EmrgncyRm24HrsInd
201532299349302568,030219309,1,University of Vermont Medical Center,111 COLCHESTER AVE,BURLINGTON,VT,05401,www.uvmhealth.org,SOV LIC #812,X,X,X,X,X,X
201520439349300532,250965406,1,Jameson Memorial Hospital,1211 Wilmington Avenue,New Castle,PA,161052595,jamesonhealth.org,101201,X,X,X
201520439349300532,250965406,2,Jameson Memorial Hospital,1000 South Mercer Street,New Castle,PA,16101,jamesonhealth.org,101201,X,X
201540809349300609,230465970,1,THE CHAMBERSBURG HOSPITAL,112 NORTH SEVENTH STREET,CHAMBERSBURG,PA,17201,X
201531039349300443,590624458,1,University of Miami Hospital,1400 NW 12 Avenue,Miami,FL,33136,umiamihospital.com,#4109,X,X,X,X
201531039349300443,590624458,2,University of Miami Hospital & Clinics,1475 NW 12 Avenue,Miami,FL,33136,sylvester.org,#4074,X,X
201531039349300443,590624458,3,Anne Bates Leach Eye Hospital,900 NW 17 Street,Miami,FL,33136,bascompalmer.org,#4040,X,X
201521269349301337,520491660,1,HARBOR HOSPITAL INC,3001 SOUTH HANOVER STREET,BALTIMORE,MD,21225,X,X,X,X
201511279349301166,520591685,1,UNION MEMORIAL HOSPITAL,201 EAST UNIVERSITY PARKWAY,BALTIMORE,MD,21218,X,X,X,X
201501319349301510,231352213,1,ST LUKE'S HOSPITAL-BETHLEHEM CAMPUS,801 OSTRUM STREET,BETHLEHEM,PA,180151000,WWW.SLHN.ORG,451201,X,X,X,X,X,1
201501319349301510,231352213,2,ST LUKE'S HOSPITAL-ALLENTOWN CAMPUS,1736 W HAMILTON STREET,ALLENTOWN,PA,18104,WWW.SLHN.ORG,451201,X,X,X,X,1
201511329349301416,520591667,1,MARYLAND GENERAL HOSPITAL,827 LINDEN AVENUE,BALTIMORE,MD,21201,X,X,X,X
201501349349303910,421264647,1,Covenant Medical Center Inc,3421 West Ninth Street,Waterloo,IA,50702,http://www.wheatoniowa.org,070137H (IA),X,X,X,X,1
201501289349301235,231352222,1,York Hospital,1001 S George Street,York,PA,17405,http://www.wellspan.org,250301,X,X,X,X,X,X
201511349349308446,470757164,1,ALEGENT HEALTH MIDLANDS HOSPITAL,11111 S 84TH ST,PAPILLION,NE,68046,WWW.CHIHEALTH.COM,LICENSE# 680001,X,X,X,A
201511349349308446,470757164,2,ALEGENT CREIGHTON HEALTH - CREIGHTON UNIVERSITY MEDICAL CENTER,601 N 30th St,OMAHA,NE,68131,WWW.CHIHEALTH.COM,LICENSE# H000122,X,X,X,A
201511349349308446,470757164,3,ALEGENT HEALTH PLAINVIEW HOSPITAL,704 N 3RD STREET,PLAINVIEW,NE,68769,WWW.CHIHEALTH.COM,LICENSE# 620002,X,X,X,B
201511349349308446,470757164,4,ALEGENT HEALTH LAKESIDE HOSPITAL,16901 LAKESIDE HILLS COURT,OMAHA,NE,68130,WWW.CHIHEALTH.COM,LICENSE# H000106,X,X,X,A
201521329349300907,240795508,1,The Williamsport Hospital,700 High Street,Williamsport,PA,17701,www.susquehannahealth.org,234601,X,X,X,X
201511349349302031,250965307,1,CONEMAUGH VALLEY MEMORIAL HOSPITAL,1086 FRANKLIN STREET,JOHNSTOWN,PA,15905,WWW.CONEMAUGH.ORG,X,X,X,X,X,A
201511349349302031,250965307,2,CRICHTON REHABILITATION CENTER,320 MAIN STREET,JOHNSTOWN,PA,15901,WWW.CONEMAUGH.ORG,X,X,A
201511349349302031,250965307,3,LEE AMBULATORY SURGICAL CENTER,320 MAIN STREET,JOHNSTOWN,PA,15901,WWW.CONEMAUGH.ORG,X,X,A
201501339349304360,440552485,1,Mercy Hospital Springfield,1235 E Cherokee Street,Springfield,MO,65804,38-57,X,X,X,X
201511349349300326,250965600,1,THE WASHINGTON HOSPITAL,155 WILSON AVENUE,WASHINGTON,PA,15301,WWW.WASHINGTONHOSPITAL.ORG,230201,X,X,X,X
201511339349302221,232810852,1,PENN PRESBYTERIAN MEDICAL CTR,51 NORTH 39TH STREET,PHILADELPHIA,PA,19104,WWW.PENNMEDICINE.ORG,LICENSE# 421101,X,X,X,X,X
201521339349302357,370663567,1,ST ELIZABETH'S HOSPITAL,211 SOUTH 3RD STREET,BELLEVILLE,IL,62220,HTTP://WWW.STELIZ.ORG/,00002345,X,X,X,X
201511349349306556,951690977,1,CHILDREN'S HOSPITAL LOS ANGELES,4650 SUNSET BLVD,LOS ANGELES,CA,900270982,WWW.CHLA.ORG,930000032,X,X,X,X,X,X
201511339349304676,710240352,1,MERCY HOSPITAL FORT SMITH,7301 ROGERS AVENUE,FORT SMITH,AR,72903,AR4941,X,X,X
201511329349301101,520610538,1,THE MEMORIAL HOSPITAL AT EASTON,219 S WASHINGTON STREET,EASTON,MD,21601,X,X,X
201511329349301101,520610538,2,DORCHESTER GENERAL HOSPITAL,300 BYRN STREET,CAMBRIDGE,MD,21613,X,X,X
201531329349303933,231637191,1,CROZER-CHESTER MEDICAL CENTER,ONE MEDICAL CENTER BLVD,UPLAND,PA,190133995,WWW.CROZERKEYSTONE.ORG,037201,X,X,X,X,1
201531329349303933,231637191,2,TAYLOR HOSPITAL,175 EAST CHESTER PIKE,RIDLEY PARK,PA,19078,WWW.CROZERKEYSTONE.ORG,037201,X,X,X,X,1
201531329349303933,231637191,3,SPRINGFIELD HOSPITAL,190 WEST SPROUL ROAD,SPRINGFIELD,PA,19064,WWW.CROZERKEYSTONE.ORG,037201,X,X,X,X,1
201531329349303838,231352152,1,ABINGTON MEMORIAL HOSPITAL,1200 OLD YORK ROAD,ABINGTON,PA,19001,WWW.ABINGTONHEALTH.ORG,270501,X,X,X,X
201531339349306118,251801532,1,Heritage Valley Beaver,1000 Dutch Ridge Road,Beaver,PA,15009,X,X,X,X,A
201531339349306118,251801532,2,Heritage Valley Sewickley,720 Blackburn Road,Sewickley,PA,15143,X,X,X,A
201531319349302368,951643359,1,ST JOSEPH HOSPITAL OF ORANGE,1100 WEST STEWART DRIVE,ORANGE,CA,92868,WWW.SJO.ORG,060000172,X,X,X,X
201531289349300308,410695596,1,SAINT CLOUD HOSPITAL,1406 6TH AVE N,ST CLOUD,MN,563031901,X,X,X,X,"REHAB, PSYCH, HOME HEALTH, HOSPICE, AND RENAL DIALYSIS"
201531329349301583,010211494,1,CENTRAL MAINE MEDICAL CENTER,300 MAIN STREET,LEWISTON,ME,04240,www.cmmc.org,37874,X,X,X,X
201521349349308707,752765566,1,COVENANT MEDICAL CENTER,3615 19TH STREET,LUBBOCK,TX,794101203,WWW.COVENANTHEALTH.ORG,465,X,X,X,X,A
201521349349308707,752765566,2,COVENANT MED CENTER-LAKESIDE CAMPUS,4000 24TH STREET,LUBBOCK,TX,79410,WWW.COVENANTHEALTH.ORG,465,X,X,X,X,X,A
201531339349302918,231352685,1,THE HOSPITAL OF THE UNIV OF PENN,3400 SPRUCE STREET,PHILADELPHIA,PA,19104,WWW.PENNMEDICINE.ORG,LICENSE# 341101,X,X,X,X,X
201541309349300114,231365353,1,LANCASTER GENERAL HOSPITAL,555 North Duke Street PO Box 3555,LANCASTER,PA,176043555,WWW.LGHEALTH.ORG,120801,X,X,X,X,X,A
201541309349300114,231365353,2,WOMEN AND BABIES HOSPITAL,690 Good Drive PO Box 3750,LANCASTER,PA,176043750,WWW.LGHEALTH.ORG,120801,X,X,X,A
201531349349307398,362174823,1,Rush University Medical Center,1653 W Congress Parkway,Chicago,IL,60612,www.rush.edu,0001917,X,X,X,X,X,X,X,1
201541319349300709,521272129,1,WASHINGTON HOSPITAL CENTER,110 IRVING STREET NW,WASHINGTON,DC,20010,X,X,X,X
201531349349300443,510067938,1,BEEBE MEDICAL CENTER INC,424 SAVANNAH ROAD,LEWES,DE,19958,www.beebemed.org,hsptl-007,X,X,X
201541319349302829,240862246,1,COMMUNITY MEDICAL CENTER,DBA GEISINGER-COMMUNITY MEDICAL CTR,1822 MULBERRY STREET,SCRANTON,PA,18510,WWW.GEISINGER.ORG,037101,X,X,X
201541349349306829,720423889,1,TULANE UNIVERSITY HOSPITAL AND CLINIC,1415 TULANE AVENUE,NEW ORLEANS,LA,70112,X,X,X,X
201501949349300915,540793767,1,St Mary's Hospital of Richmond Inc,5801 Bremo Road,Richmond,VA,23226,http://richmond.bonsecours.com,H1833,X,X,X,X,X
201521969349301147,750827446,1,HENDRICK MEDICAL CENTER,1900 PINE STREET,ABILENE,TX,79601,WWW.EHENDRICK.ORG,000500,X,X,X,REHABILITATION CTR
201521949349300627,541744931,1,Memorial Regional Medical Center,8260 Atlee Road,Mechanicsville,VA,23116,http://richmond.bonsecours.com/,H1831,X,X,X,X,X
201511359349301281,951642394,1,KECK HOSPITAL OF USC,1500 SAN PABLO STREET,LOS ANGELES,CA,90089,WWW.KECKMEDICINE.ORG,930000459,X,X,X,X,A
201511359349301281,951642394,2,USC NORRIS CANCER HOSPITAL,1441 EASTLAKE AVENUE,LOS ANGELES,CA,90089,WWW.CANCER.KECKMEDICINE.ORG,930000267,X,X,X,X,A
201511359349301281,951642394,3,USC VERDUGO HILLS HOSPITAL,1812 VERDUGO BLVD,GLENDALE,CA,91208,www.uscvhh.org,930000173,X,X,X,"SKILLED NURSING, OUTPATIENT SURGERY & DIAGNOSTIC",B
201511359349305031,141338544,1,Samaritan Hospital,2215 Burdett Avenue,Troy,NY,12180,https://www.nehealth.com/Medical_Care/,4102002H,X,X,X
201501359349303360,231352202,1,SCHUYLKILL MEDICAL CENTER SOUTH JACKSON,420 SOUTH JACKSON STREET,POTTSVILLE,PA,17901,X,X,X
201521359349302422,582032904,1,KENNESTONE HOSPITAL,677 CHURCH STREET,MARIETTA,GA,30060,www.wellstar.org,033-548,X,X,X,HEALTH PARK INPATIENT HOSPICE
201521359349302422,582032904,2,WINDY HILL HOSPITAL,2540 WINDY HILL ROAD,MARIETTA,GA,30067,www.wellstar.org,033-545,X,X,LONG TERM ACUTE CARE
201511359349306856,390847631,1,Saint Joseph's Hospital of Marshfield,611 Saint Josephs Avenue,Marshfield,WI,54449,www.ministryhealth.org,5297-800,X,X,X,X,X
201511839349300831,362170866,1,INGALLS MEMORIAL HOSPITAL,ONE INGALLS DRIVE,HARVEY,IL,60426,WWW.INGALLS.ORG,0001099,X,X,X
201502189349300105,020222215,1,ST JOSEPH HOSPITAL,172 KINSLEY ST,NASHUA,NH,030612013,00023,X,X,X
201541359349301334,250979377,1,SHARON REGIONAL HEALTH SYSTEM,740 E STATE ST,SHARON,PA,16146,WWW.SHARONREGIONAL.COM,196601,X,X,X,"ACUTE CARE, REHAB, LT CARE & BEHAVIORAL HEALTH, ANCILLARY SV",1
201521359349306192,710437657,1,CARTI ST VINCENT,4 ST VINCENT CIRCLE,LITTLE ROCK,AR,72205,X,RADIATION THERAPY INSTITUTE
201521359349306192,710437657,2,CARTI BAPTIST,7201 KANIS ROAD,LITTLE ROCK,AR,72205,X,RADIATION THERAPY INSTITUTE
201521359349306192,710437657,3,CARTI NLR,3401 SPRINGHILL DRIVE,NORTH LITTLE ROCK,AR,72117,X,RADIATION THERAPY INSTITUTE
201521359349306192,710437657,4,CARTI CONWAY,2605 COLLEGE AVENUE,CONWAY,AR,72034,X,RADIATION THERAPY INSTITUTE
201521359349306192,710437657,5,CARTI MOUNTAIN HOME,622 HOSPITAL DRIVE,MOUNTAIN HOME,AR,72653,X,RADIATION THERAPY INSTITUTE
201521359349306192,710437657,6,CARTI SEARCY,405 MEDICAL DRIVE,SEARCY,AR,72143,X,RADIATION THERAPY INSTITUTE
201521359349306192,710437657,7,CARTI BENTON,3 MEDICAL PARK PLAZA,BENTON,AR,72015,X,RADIATION THERAPY INSTITUTE
201521359349306192,710437657,8,CARTI CLINTON,2500 HWY 65 SOUTH,CLINTON,AR,72031,X,RADIATION THERAPY INSTITUTE
201521359349306192,710437657,9,CARTI DP200,9600 LILE DRIVE,LITTLE ROCK,AR,72205,X,RADIATION THERAPY INSTITUTE
201521359349306192,710437657,10,CARTI DP330,9600 LILE DRIVE,LITTLE ROCK,AR,72205,X,RADIATION THERAPY INSTITUTE
201521359349306192,710437657,11,CARTI HOSA,9101 KANIS RD STE 200,LITTLE ROCK,AR,72205,X,RADIATION THERAPY INSTITUTE
201521359349306192,710437657,12,CARTI HEBER SPRINGS,1800 BY PASS ROAD,HEBER SPRINGS,AR,72543,X,RADIATION THERAPY INSTITUTE
201521359349306192,710437657,13,CARTI IMAG,9600 LILE DRIVE,LITTLE ROCK,AR,72205,X,RADIATION THERAPY INSTITUTE
201521359349306192,710437657,14,CARTI LRHO,9500 LILE DRIVE,LITTLE ROCK,AR,72205,X,RADIATION THERAPY INSTITUTE
201521359349306192,710437657,15,CARTI NORTH LITTLE ROCK,3401 SPRINGHILL DRIVE,NORTH LITTLE ROCK,AR,72117,X,RADIATION THERAPY INSTITUTE
201521359349306192,710437657,16,CARTI PET-LRHO,9601 LILE DRIVE,LITTLE ROCK,AR,72205,X,RADIATION THERAPY INSTITUTE
201521359349306192,710437657,17,CART HR-LRHO,9600 LILE DRIVE,LITTLE ROCK,AR,72205,X,RADIATION THERAPY INSTITUTE
201521359349306227,370673506,1,GRAHAM HOSPITAL ASSOCIATION,210 WEST WALNUT STREET,CANTON,IL,61520,WWW.GRAHMHOSPITAL.ORG,0000869,X,X
201522199349301462,160743905,1,Arnot Ogden Medical Center,600 Roe Avenue,Elmira,NY,14905,X,X,X
201522199349301462,160743905,2,Arnot Ogden Medical Center,Health Center for Women,600 Fitch Street,Elmira,NY,14905,www.aomc.org,X,Hospital Extension Clinic - Diagnostic Radiology
201522199349301462,160743905,3,Arnot Ogden Medical Center,Horseheads Campus,100 John Rommelt Drive,Horseheads,NY,14845,X,Clinical Laboratory Service & Radiology Diagnostic Outpatient.
201522199349301462,160743905,4,Arnot Ogden Medical Center,Dialysis Center,8 West Pultney Street,Corning,NY,14830,X,Hospital Extension Clinic providing Outpatient Hemodialysis services
201502249349301105,010211534,1,Mercy Hospital,144 State Street,Portland,ME,04101,www.mercyhospital.org,38065,X,X,X
201512249349302376,042767880,1,MELROSE WAKEFIELD HOSPITAL,585 LEBANON STREET,MELROSE,MA,02176,X,X,X,A
201512249349302376,042767880,2,LAWRENCE MEMORIAL HOSPITAL,170 GOVERNORS AVE,MEDFORD,MA,02155,X,X,X,A
201512249349302376,042767880,3,HALLMARK ONCOLOGY & HEMATOLOGY CTR,41 MONTVALE AVE,STONEHAM,MA,02180,OUTPATIENT MEDICAL,A
201512249349302376,042767880,4,CHEM CENTER FOR RADIATION & MRI,48 MONTVALE AVE,STONEHAM,MA,02180,OUTPATIENT MEDICAL,A
201512249349302376,042767880,5,HALLMARK HEALTH AT 101 MAIN,101 MAIN STREET,MEDFORD,MA,02155,OUTPATIENT MEDICAL,A
201512249349302376,042767880,6,HALLMARK OUTPAT DIAGNOSTIC & REHAB,30 NEWCROSSING ROAD,READING,MA,01867,OUTPATIENT MEDICAL,A
201512249349302376,042767880,7,HEALTH IMAGE WOMAN'S IMAGING CENTER,830 MAIN STREET,MELROSE,MA,02176,IMAGING CENTER,A
201512249349302376,042767880,8,MELROSE-WAKEFIELD HOSP REHAB SERV,22 COREY STREET,MELROSE,MA,02176,PT & REHAB SERVICE,A
201512249349302376,042767880,9,LAWRENCE MEMORIAL HOSPITAL PROGRAM,200 GOVERNORS AVE,MEDFORD,MA,02155,PSYCHIATRIC SERVICE,A
201512249349302376,042767880,10,COMMUNITY COUNSELING CENTER,178 SAVIN STREET,MALDEN,MA,02148,OUTPATIENT COUNSELING,A
201502259349300635,060646715,1,Midstate Medical Center,435 Lewis Avenue,Meriden,CT,06451,X
201532239349300113,222472997,1,SIGNATURE HEALTHCARE BROCKTON HOSPITAL,680 CENTRE STREET,BROCKTON,MA,02302,WWW.SIGNATURE-HEALTHCARE.ORG,2118,X,X,X,X,TCU/PSYCH
201532259349302863,060646768,1,The Hospital of Central Connecticut,100 Grand Street,New Britain,CT,06050,000052,X,X,X,X,New Britain General Hospital Campus and Bradley Memorial Hospital Campus
201522229349300222,042790311,1,Baystate Medical Center Inc,759 Chestnut Street,Springfield,MA,01199,2339,X,X,X,X,X,X
201522269349300317,440577118,1,LESTER E COX MEDICAL CENTERS - SOUTH,3801 S NATIONAL AVE,SPRINGFIELD,MO,65807,WWW.COXHEALTH.COM,500-8,X,X,X,X,X,1
201522269349300317,440577118,2,LESTER E COX MEDICAL CENTERS - NORTH,1423 N JEFFERSON ST,SPRINGFIELD,MO,65802,WWW.COXHEALTH.COM,500-8,X,X,X,1
201522269349300317,440577118,3,MEYER ORTHOPEDIC HOSPITAL,1000 E WALNUT LAWN,SPRINGFIELD,MO,65807,WWW.COXHEALTH.COM,500-8,X,X,1
201542259349303169,721025017,1,BRGMC - MID CITY AND BLUEBONNET CAMPUS,8490 PICARDY AVENUE,BATON ROUGE,LA,70809,X,X,X,X
201522299349303207,610444716,1,ASHLAND HOSPITAL CORPORATION,2201 LEXINGTON AVENUE,ASHLAND,KY,41101,WWW.KDMC.COM,100958,X,X,X
201512269349303201,390884478,1,BELLIN MEMORIAL HOSPITAL,744 S WEBSTER AVE,GREEN BAY,WI,54305,X,X,X
201502279349300625,540506332,1,Carilion Medical Center- DBA CRMH,1906 Belleview Avenue,Roanoke,VA,24019,www.carilionclinic.org,X,X,X,X,X,X,A
201502279349300625,540506332,2,Carilion Medical Center- DBA CRCH,101 Elm Avenue,Roanoke,VA,24019,www.carilionclinic.org,X,Rehabilitation Unit; Urgent Care,A
201532259349300103,060646813,1,ST FRANCIS HOSPITAL AND MEDICAL CENTER,114 WOODLAND STREET,HARTFORD,CT,06105,X,X,X,X
201542529349300934,131740115,1,THE MOUNT VERNON HOSPITAL,12 NORTH SEVENTH AVENUE,Mount Vernon,NY,10550,X,X,X,X,VOLUNTARY ACUTE CARE HOSPITAL,1
201542519349300609,150532254,1,ST JOSEPH'S HOSPITAL HEALTH CENTER,301 PROSPECT AVE,SYRACUSE,NY,13203,X,X,X,X,"HOME CARE AGENCY, OP PRIMARY CARE AND OP MENTAL HEALTH SERVICES"
201522269349303182,042103612,1,NEW ENGLAND BAPTIST HOSPITAL,125 PARKER HILL ROAD,BOSTON,MA,02120,WWW.NEBH.ORG,MA STATE LI,X,X,X,SEE NARRATIVE DETAIL
201542269349303304,060646652,1,YALE-NEW HAVEN HOSPITAL,20 YORK STREET,NEW HAVEN,CT,06504,WWW.YNHH.ORG,0044,X,X,X,X,X,X
201542269349302449,060646554,1,BRIDGEPORT HOSPITAL,267 GRANT STREET,BRIDGEPORT,CT,06610,WWW.BRIDGEPORTHOSPITAL.ORG,0040,X,X,X,X,X,N/A
201542299349300214,550357050,1,St Mary's Medical Center,2900 First Avenue,Huntington,WV,25702,X,X,X,X
201532269349304463,060646844,1,SAINT MARY'S HOSPITAL INCORPORATED,56 FRANKLIN STREET,WATERBURY,CT,06706,X,X,X,X
201522129349300002,720535375,1,LAFAYETTE GENERAL MEDICAL CENTER INC,1214 COOLIDGE BLVD,LAFAYETTE,LA,70503,X,X,X,X
201521399349300502,230596940,1,Aria Health - Frankford,4900 Frankford Ave,Philadelphia,PA,19124,X,X,X,X
201521399349300502,230596940,2,Aria Health - Bucks,380 N Oxford Valley Rd,Langhorne,PA,19047,X,X,X,X
201521399349300502,230596940,3,Aria Health -Torresdale,10800 Knights Rd,Phila,PA,19114,X,X,X,X,X,Truama Center
201522249349301082,362167060,1,Evanston Hospital,2650 Ridge Avenue,Evanston,IL,60201,northshore.org,0000646,X,X,X,X,X,A
201522249349301082,362167060,2,Glenbrook Hospital,2100 Pfingsten Road,Glenview,IL,60026,northshore.org,0003483,X,X,X,X,X,A
201522249349301082,362167060,3,Highland Park Hospital,777 Park Avenue West,Highland Park,IL,60035,northshore.org,0005066,X,X,X,X,X,A
201522249349301082,362167060,4,Skokie Hospital,9600 Gross Point Road,Skokie,IL,60076,northshore.org,0005587,X,X,X,X,X,A
201501339349304690,370661183,1,BLESSING HOSPITAL AT 11TH ST,BROADWAY AT 11TH ST,QUINCY,IL,62301,X,X,X,X,A
201501339349304690,370661183,2,BLESSING HOSPITAL AT 14TH ST,BROADWAY AT 14TH ST,QUINCY,IL,62301,X,X,X,X,A
201501969349301380,580566256,1,EMORY UNIVERSITY HOSPITAL,1364 CLIFTON ROAD NE,ATLANTA,GA,30322,http://www.emoryhealthcare.org,044-699,X,X,X,X,X
201501969349301380,580566256,2,EMORY UNIVERSITY HOSPITAL MIDTOWN,550 PEACHTREE STREET NE,ATLANTA,GA,30308,http://www.emoryhealthcare.org,060-453,X,X,X,X,X
201501349349304460,430653493,1,Mercy Hospital St Louis,615 S New Ballas Road,St Louis,MO,63141,www.mercy.net/stlouismo,226-50,X,X,X,X,X
201501349349304460,430653493,2,Mercy Hospital Washington,901 E Fifth Street,Washington,MO,63090,www.mercy.net/stlouismo,311-32,X,X,X
201501349349304460,430653493,3,SJMDHSLLC(Mercy Continuing Care Hospita,13190 South Outer 40,Chesterfield,MO,63017,www.mercy.net/stlouismo,X
201501349349304460,430653493,4,Mercy Rehabilitation LLC,14561 North Outer 40,Chesterfield,MO,63017,www.mercy.net/stlouismo,X
201511339349304931,581685139,1,THE MEDICAL CENTER INC,710 CENTER STREET,COLUMBUS,GA,31901,WWW.COLUMBUSREGIONAL.COM,X,X,X,X,NURSING HOME
201521329349302202,223431049,1,ST FRANCIS MEDICAL CENTER TRENTON NJ,601 HAMILTON AVE,TRENTON,NJ,08629,HTTP://WWW.STFRANCISMEDICAL.ORG/,LICENSE #11,X,X,X,X
201520889349300252,231352204,1,READING HOSPITAL,SIXTH AVE SPRUCE ST,WEST READING,PA,19611,X,X,X,X
201521339349305462,520591658,1,MERCY MEDICAL CENTER,301 ST PAUL PLACE,BALTIMORE,MD,21202,MDMERCY.COM,X,X,X,X
201521339349305562,420680448,1,MERCY MEDICAL CENTER - WESTLAKES,1601 60th Street,WEST DES MOINES,IA,50266,WWW.MERCYDESMOINES.ORG,770158H,X,X,X,A
201521339349305562,420680448,2,MERCY MEDICAL CENTER - DES MOINES,1111 6th Avenue,DES MOINES,IA,50314,WWW.MERCYDESMOINES.ORG,770033H,X,X,X,A
201540459349300244,131624158,1,The Rockefeller University Hospital,1230 York Avenue,New York,NY,10065,X,X
201531339349304773,232825878,1,Temple University Hospital Inc,3509 North Broad Street,Philadelphia,PA,19140,http://templehealth.org,X,X,X,X,X,A
201531339349304773,232825878,2,Temple Univ Hosp Episcopal Hospital,100 East Lehigh Avenue,Philadelphia,PA,19125,http://templehealth.org,X,X,X,X,A
201531339349304773,232825878,3,Temple Univ HospBone MarrowJeanes,7600 Central Avenue,Philadelphia,PA,19111,http://templehealth.org,X,X,X,A
201531339349304773,232825878,4,Northeastern Ambulatory Care Center,2301 East Allegheny Avenue,Philadelphia,PA,19134,http://templehealth.org,X,X,X,A
201542259349300309,010238552,1,MAINE MEDICAL CENTER,22 BRAMHALL STREET,PORTLAND,ME,04102,WWW.MMC.ORG,37761,X,X,X,X,X,X
201542259349300409,060646966,1,Windham Community Memorial Hospital,112 Mansfield Avenue,Willimantic,CT,06226,X,X,X
201501319349302635,231352187,1,GEISINGER-LEWISTOWN HOSPITAL,400 HIGHLAND AVENUE,LEWISTOWN,PA,17044,WWW.LEWISTOWNHOSPITAL.ORG,121501,X,X,X
201501359349300935,460224604,1,AVERA QUEEN OF PEACE HOSPITAL,525 NORTH FOSTER STREET,MITCHELL,SD,57301,WWW.AVERAQUEENOFPEACE.ORG,10552,X,X,X,5 PROVIDER BASED CLINICS
201501359349300935,460224604,2,AVERA WESKOTA MEMORIAL MEDICAL CENTER,609 1ST STREET NE,WESSINGTON SPRINGS,SD,57382,WWW.AVERA.ORG/WESKOTA,48209,X,X,X
201501359349300935,460224604,3,AVERA DE SMET MEMORIAL HOSPITAL,306 PRAIRIE AVENUE SW,DE SMET,SD,57231,WWW.AVERA.ORG/DE-SMET,50726,X,X,X
201521499349300952,550357045,1,REYNOLDS MEMORIAL HOSPITAL,800 WHEELING AVENUE,GLEN DALE,WV,26038,X,X,X
201511359349305466,141338457,1,Albany Memorial Hospital,600 Northern Blvd,Albany,NY,12204,www.sphp.com,0101003H,X,X,X
201512169349301371,362340313,1,NORTHWEST COMMUNITY HOSPITAL,800 W CENTRAL ROAD,ARLINGTON HEIGHTS,IL,60005,X,X,X
201521319349301792,160743209,2,STRONG MEMORIAL HOSPITAL &EXT CLINICS,601 ELMWOOD AVENUE,ROCHESTER,NY,14642,WWW.URMC.ROCHESTER.EDU/STRONG-MEMORIAL,LICENSE# 2701005H,X,X,X,X,X,X,OUTPATIENT MED CLINI OUTPATIENT MENTAL HE METHADONE MAINTENANC
201521349349303762,370661238,1,ST JOHN'S HOSPITAL,800 EAST CARPENTER STREET,SPRINGFIELD,IL,62769,HTTPS://WWW.ST-JOHNS.ORG/,1927332,X,X,X,X,X
201521319349300017,620476822,1,Vanderbilt University Hospitals,1211 22nd Avenue South,Nashville,TN,37212,www.vanderbilthealth.com,0000000027,X,X,X,X,X,X
201521319349300017,620476822,2,Vanderbilt Stallworth Rehab Hospital,2201 Childrens Way,Nashville,TN,37212,www.vanderbiltstallworthrehab.com,0000000141,X
201521359349304637,460225483,1,AVERA SACRED HEART HOSPITAL,501 SUMMIT STREET,YANKTON,SD,57078,WWW.AVERA.ORG/SACRED-HEART/,10576,X,X,X,6 PROVIDER BASED RHCS AND 5 PROVIDER BASED CLINICS
201521359349304637,460225483,2,AVERA CREIGHTON HOSPITAL,1503 MAIN STREET,CREIGHTON,NE,68729,WWW.AVERA.ORG/CREIGHTON/,490001,X,X,X,X,1 PROVIDER BASED CLINIC
201511319349302771,310537486,1,GOOD SAMARITAN HOSPITAL,375 DIXMYTH AVENUE,CINCINNATI,OH,45220,WWW.TRIHEALTH.COM,1191,X,X,X,X,X
201522249349301227,060646597,1,Danbury Hospital,24 Hospital Avenue,Danbury,CT,06810,www.danburyhospital.org,0039,X,X,X,X,X,Diagnostic and Dialysis
201531359349301848,310538525,1,The Christ Hospital,2139 Auburn Ave,Cincinnati,OH,45219,www.thechristhospital.com,X,X,X,X
201531359349302598,530204707,1,HOWARD UNIVERSITY HOSPITAL,2041 GEORGIA AVENUE,WASHINGTON,DC,20060,X,X,X,X,X,X
201541359349302569,710329353,1,JEFFERSON REGIONAL MEDICAL CENTER,1600 W 40TH AVENUE,PINE BLUFF,AR,71603,WWW.JRMC.ORG,AR4213,X,X,X,X
201542299349302814,050259026,1,St Joseph Health Services of RI,200 High Service Avenue,North Providence RI,RI,02904,X,X,X
201542269349303559,060646710,1,MANCHESTER MEMORIAL HOSPITAL,71 HAYNES STREET,MANCHESTER,CT,06040,00048,X,X,X,X
