object_id,ein,HsptlFclts_FcltyNm,BsnssNm_BsnssNmLn1Txt,USAddrss_AddrssLn1Txt,USAddrss_CtyNm,USAddrss_SttAbbrvtnCd,USAddrss_ZIPCd,HsptlFclts_LcnsdHsptlInd,HsptlFclts_OthrDsc
201523209349311307,660258919,1,RYDER MEMORIAL HOSPITAL INC,PO BOX 859,HUMACAO,PR,007910000,X,X,GENERAL HOSPITAL
201513099349301401,222325405,1,CAYUGA MEDICAL CENTER AT ITHACA,101 DATES DRIVE,ITHACA,NY,14850,WWW.CAYUGAMED.ORG,5401001H,X,X,X
201533159349302123,462931956,1,Montefiore New Rochelle Hospital,16 Guion Place,New Rochelle,NY,10801,www.montefiorehealthsystem.org,5904001H,X,X,X,X
201543159349300439,160743905,1,Arnot Ogden Medical Center,600 Roe Avenue,Elmira,NY,14905,www.arnothealth.org,0701000H,X,X,X,X,A
201543159349300439,160743905,2,Arnot Ogden Medical Center,Health Center for Women,600 Fitch Street,Elmira,NY,14905,www.arnothealth.org,X,Hospital Extension Clinic - Diagnostic Radiology,A
201543159349300439,160743905,3,Arnot Ogden Medical Center,Horseheads Campus,100 John Rommelt Drive,Horseheads,NY,14845,www.arnothealth.org,X,Clinical Laboratory Service & Radiology Diagnostic Outpatient.,A
201543009349301269,350895832,1,KING'S DAUGHTERS' HEALTH,1373 EAST STATE ROAD 62 PO BOX 447,MADISON,IN,47250,WWW.KDHMADISON.ORG,14-005063-1,X,X,X
201502589349300015,390813418,1,MCHS - EAU CLAIRE HOSPITAL INC,1221 WHIPPLE STREET,EAU CLAIRE,WI,54703,MAYOCLINICHEALTHSYSTEM.ORG/LOCATIONS/E,48,X,X,X
201503209349304230,221487322,1,HOLY NAME MEDICAL CENTER,718 TEANECK ROAD,TEANECK,NJ,07666,WWW.HOLYNAME.ORG,10205,X,X,X,1
201503209349302675,420680452,1,IOWA METHODIST MEDICAL CENTER,1200 PLEASANT STREET,DES MOINES,IA,50309,WWW.UNITYPOINT.ORG/DESMOINES,770079H,X,X,X,X,X,X,X,A
201503209349302675,420680452,2,IOWA LUTHERAN HOSPITAL,700 EAST UNIVERSITY AVENUE,DES MOINES,IA,50316,WWW.UNITYPOINT.ORG/DESMOINES,770078H,X,X,X,A
201503209349302675,420680452,3,METHODIST WEST HOSPITAL,1660 60TH STREET,WEST DES MOINES,IA,50266,WWW.UNITYPOINT.ORG/DESMOINES,250080H,X,X,X,A
201513209349307126,410956618,1,REGIONS HOSPITAL,640 JACKSON STREET,ST PAUL,MN,55101,WWW.REGIONSHOSPITAL.COM,361114,X,X,X,X
201503209349304045,221494442,1,RARITAN BAY MEDICAL CENTER,530 NEW BRUNSWICK AVENUE,PERTH AMBOY,NJ,08861,WWW.RBMC.ORG,11203,X,X,X,X,1
201503209349304045,221494442,2,RARITAN BAY MEDICAL CENTER,ONE HOSPITAL PLAZA,OLD BRIDGE,NJ,08857,WWW.RBMC.ORG,11206,X,X,X,X,1
201503179349303070,141338413,1,Glens Falls Hospital,100 Park Street,Glens Falls,NY,12801,glensfallshospital.org,5601000H,X
201503209349306050,150532254,1,ST JOSEPH'S HOSPITAL HEALTH CENTER,301 PROSPECT AVE,SYRACUSE,NY,13203,X,X,X,X,"HOME CARE AGENCY, OP PRIMARY CARE AND OP MENTAL HEALTH SERVICES"
201513209349302031,560554230,1,PH DBA NH PRESBYTERIAN MEDICAL CENTER,200 HAWTHORNE LANE,CHARLOTTE,NC,28204,WWW.NOVANTHEALTH.ORG,H0010,X,X,X,X
201513209349302031,560554230,2,PH DBA NH HUNTERSVILLE MEDICAL CENTER,10030 GILEAD RD,HUNTERSVILLE,NC,28078,WWW.NOVANTHEALTH.ORG,H0282,X,X,X
201503179349302525,250969492,1,Allegheny General Hospital,320 East North Avenue,Pittsburgh,PA,15224,X,X,X,X,X,X
201503179349302525,250969492,2,The Western Pennsylvania Hospital,4800 Friendship Avenue,Pittsburgh,PA,15224,X,X,X,X,X,X
201503179349302525,250969492,3,Forbes Regional Hospital,2570 Haymaker Road,Monroeville,PA,15146,X,X,X,X
201513179349303681,150533577,1,SAMARITAN MEDICAL CENTER,830 WASHINGTON STREET,WATERTOWN,NY,13601,X,X
201503209349312020,160960470,1,CROUSE HEALTH HOSPITAL INC,736 IRVING AVE,SYRACUSE,NY,13210,X,X,X,X
201513199349300621,550526150,1,CAMC Memorial Hospital,3200 MacCorkle Avenue,Charleston,WV,25304,www.camc.org,20,X,X,X,X,A
201513199349300621,550526150,2,CAMC General Hospital,501 Morris Street,Charleston,WV,25301,www.camc.org,20,X,X,X,X,A
201513199349300621,550526150,3,CAMC Women and Children's Hospital,800 Pennsylvania Avenue,Charleston,WV,253025302,www.camc.org,20,X,X,X,X,A
201513199349300621,550526150,4,CAMC Teays Valley Hospital,1400 Hospital Drive,Hurricane,WV,25526,www.camc.org,20,X,X,X,X,B
201523179349302927,581581103,1,UNIVERSITY HEALTH SERVICES INC,1350 WALTON WAY,AUGUSTA,GA,30901,WWW.UNIVERSITYHEALTH.ORG,121-375,X,X,X,X,HOME HEALTH AGENCIES
201523179349301697,310785684,1,SPRINGFIELD REGIONAL MEDICAL CENTER,2615 East High Street,SPRINGFIELD,OH,45505,www.community-mercy.org,1122AHR,X,X,X
201523179349301697,310785684,2,MERCY MEMORIAL HOSPITAL,904 SCIOTO STREET,URBANA,OH,43078,www.community-mercy.org,1121AHR,X,X,X,X
201523179349301747,540506331,1,SENTARA RMH MEDICAL CENTER,2010 HEALTH CAMPUS DR,HARRISONBURG,VA,22801,WWW.SENTARA.COM,H1891,X,X,X,OTHER MENTAL HEALTH AND SUBSTANCE ABUSE
201523179349303937,131740127,1,ST JOSEPH'S HOSPITAL OF YONKERS NY,127 SOUTH BROADWAY,YONKERS,NY,10701,X,X,X,A
201523179349303937,131740127,2,ST VINCENT'S HOSPITAL WESTCHESTER,275 NORTH STREET,HARRISON,NY,10528,X,X,X,A
201513209349313401,350892672,1,REID HOSPITAL & HEALTH CARE SERVICES,1100 REID PARKWAY,RICHMOND,IN,47374,WWW.REIDHEALTH.ORG,005044,X,X,X,OUTPATIENT SURGERY CENTER
201523209349303212,210634462,1,Cooper Health System,One Cooper Plaza,Camden,NJ,08103,www.cooperhealth.org,10402,X,X,X,X,X,X,X,Level 1 Trauma,A
201503169349303520,420698265,1,ALLEN MEMORIAL HOSPITAL CORPORATION,1825 LOGAN AVENUE,WATERLOO,IA,50703,WWW.UNITYPOINT.ORG/WATERLOO,070034H,X,X,X
201513139349302081,250965270,1,BRADFORD REGIONAL MEDICAL CENTER,116 INTERSTATE PARKWAY,BRADFORD,PA,16701,X
201513139349302081,250965270,2,VNA,20 SCHOOL STREET,BRADFORD,PA,16701,VISITING NURSING
201503169349301300,221487173,1,ENGLEWOOD HOSPITAL AND MED CTR,350 ENGLE ST,ENGLEWOOD,NJ,07631,ENGLEWOODHOSPITAL.COM,10202,X,X,X,X,X
201523169349300302,340753531,1,Southwest General Health Center,18697 Bagley Road,Middleburg Hts,OH,44130,www.swgeneral.com,X,X,X,A
201533169349301883,710236856,1,BAPTIST HEALTH MED CTR ARKADELPHIA,3050 TWIN RIVERS DRIVE,ARKADELPHIA,AR,719234299,WWW.BAPTIST-HEALTH.COM,AR4227,X,X,X,X
201533169349301883,710236856,2,BAPTIST HEALTH MED CTR HEBER SPRINGS,1800 BYPASS ROAD,HEBER SPRINGS,AR,72543,WWW.BAPTIST-HEALTH.COM,AR4436,X,X,X,X
201533169349301883,710236856,3,BAPTIST HEALTH MED CTR LITTLE ROCK,9601 BAPTIST HEALTH DRIVE,LITTLE ROCK,AR,72205,WWW.BAPTIST-HEALTH.COM,AR3886,X,X,X,X
201533169349301883,710236856,4,BAPTIST HEALTH MED CTR NLR,3333 SPRINGHILL DRIVE,NORTH LITTLE ROCK,AR,72116,WWW.BAPTIST-HEALTH.COM,AR3828,X,X,X
201533169349301883,710236856,5,BAPTIST HEALTH REHAB INSTITUTE LR,9601 BAPTIST HEALTH DRIVE,LITTLE ROCK,AR,72205,WWW.BAPTIST-HEALTH.COM,AR3782,X,REHAB HOSPITAL
201533169349301883,710236856,6,BAPTIST HEALTH MED CTR HOT SPRING COU,1001 SCHNEIDER DRIVE,MALVERN,AR,72104,WWW.BAPTIST-HEALTH.COM,AR4207,X,X,X
201543169349305074,362167847,1,ROCKFORD MEMORIAL HOSPITAL,2400 N ROCKTON AVE,ROCKFORD,IL,61103,HTTP://WWW.ROCKFORDHEALTHSYSTEM.ORG/ROCKFORD-MEMORIAL-HOSPITAL,0002048,X,X,X,X,X,X
201543169349305074,362167847,2,VANMATRE HEALTH SOUTH,950 S MULFORD RD,ROCKFORD,IL,61108,HTTP://WWW.ROCKFORDHEALTHSYSTEM.ORG/VAN-MATRE-HEALTHSOUTH-REHABILITATION-HOSPITAL,0005215,X,REHABILITATION
201543179349301204,363196629,1,ILLINOIS MASONIC MEDICAL CENTER,836 WEST WELLINGTON AVENUE,CHICAGO,IL,60657,http://www.advocatehealth.com/immc/,license no 0005165,X,X,X,X
201543149349300709,540715569,1,LYNCHBURG GENERAL HOSPITAL,1901 TATE SPRINGS ROAD,LYNCHBURG,VA,24501,WWW.CENTRAHEALTH.COM,X,X,X
201543149349300709,540715569,2,VIRGINIA BAPTIST HOSPITAL,3300 RIVERMONT AVENUE,LYNCHBURG,VA,24503,WWW.CENTRAHEALTH.COM,X,X
201543149349300709,540715569,3,CENTRA SPECIALTY HOSPITAL,3300 RIVERMONT AVENUE,LYNCHBURG,VA,24503,WWW.CENTRAHEALTH.COM,X,LONG TERM ACUTE CARE
201543179349303459,570828733,1,Roper Hospital,316 Calhoun Street,Charleston,SC,29401,X,X,X,Rehab
201533209349302173,160743032,1,Geneva General Hospital,196 North Street,Geneva,NY,14456,X,X,X
201543179349304169,141338471,1,CHAMPLAIN VALLEY PHYSICIANS HOSPITAL MED,75 BEEKMAN ST,PLATTSBURGH,NY,12901,X,X,X
201543179349303559,111631796,1,NEW YORK METHODIST HOSPITAL,506 SIXTH STREET,BROOKLYN,NY,11215,X,X,X,X
201543169349306289,131740126,1,SJR HOSPITAL ANDRUS PAVILION,967 NORTH BROADWAY,YONKERS,NY,10701,WWW.RIVERSIDEHEALTH.ORG,1097,X,X,X
201543169349306289,131740126,2,SJR PARK CARE PAVILION,2 PARK AVENUE,YONKERS,NY,10703,WWW.RIVERSIDEHEALTH.ORG,099,X
201543169349306289,131740126,3,SJR DOBBS FERRY PAVILION,128 ASHFORD AVE,DOBBS FERRY,NY,10522,WWW.RIVERSIDEHEALTH.ORG,1097,X,X,X
201533209349302513,340714538,1,AULTMAN HOSPITAL,2600 SIXTH ST SW,CANTON,OH,44708,HTTP://WWW.AULTMAN.ORG,X,X,X,X,X,MAIN HOSPITAL,A
201533209349302513,340714538,2,AULTMAN WOODLAWN,2821 WOODLAWN AVE NW,CANTON,OH,44708,HTTP://WWW.AULTMAN.ORG,X,SKILLED NURSING REHABILITATION CTR HOME CARE & HOSPICE,A
201533209349302513,340714538,3,AULTMAN WEST,2051 WALES AVE NW,MASSILLON,OH,44646,HTTP://WWW.AULTMAN.ORG,X,X,"IMMEDIATE CARE, DIAGNOSTICS, THERAPY AND SURGERY",A
201533209349310048,112626155,1,Interfaith Medical Center Inc,1545 Atlantic Avenue,Brooklyn,NY,11213,X,X,X,X
201533169349300648,340714585,1,THE CLEVELAND CLINIC FOUNDATION,9500 EUCLID AVENUE,CLEVELAND,OH,44195,WWW.CLEVELANDCLINIC.ORG,OH STATE ID 1151AHR,X,X,X,X,X,X
201533099349301533,810232122,1,BENEFIS HOSPITALS INC EAST CAMPUS,1101 26TH STREET SOUTH,GREAT FALLS,MT,59405,X,X,X,A
201533099349301533,810232122,2,BENEFIS HOSPITALS INC WEST CAMPUS,500 15TH AVENUE SOUTH,GREAT FALLS,MT,59405,X,X,A
201533169349306273,470376552,1,Bryan Medical Center East,1600 South 48th St,Lincoln,NE,68506,www.bryanhealth.com,500001,X,X,X,X,A
201533169349306273,470376552,2,BRYAN MEDICAL CENTER WEST,www.bryanhealth.com,500003,X,X,X,X,X,A
201533169349306368,135564934,1,BETH ISRAEL MANHATTAN - PETRIE CAMPUS,FIRST AVENUE AT 16TH STREET,NEW YORK,NY,10003,http://www.bethisraelny.org/,7002002H,X,X,X,X,X
201533169349306368,135564934,2,BETH ISRAEL - KING HIGHWAY DIVISION,3201 KINGS HIGHWAY,BROOKLYN,NY,11234,http://www.bethisraelny.org/,7002002H,X,X,X,X
201523169349301037,390830664,1,THEDA CLARK MEDICAL CENTER,120 SECOND STREET,NEENAH,WI,54956,HTTPS://WWW.THEDACARE.ORG,32,X,X,X
201533109349300518,111633486,1,WINTHROP-UNIVERSITY HOSPITAL,259 FIRST STREET,MINEOLA,NY,11501,WWW.WINTHROP.ORG,2908000H,X,X,X,X,X,X
201513169349304236,470378779,1,MARY LANNING HEALTHCARE,715 NORTH ST JOSEPH AVENUE,HASTINGS,NE,68901,WWW.MARYLANNING.ORG,010002,X,X,X,X
201533249349300303,112868878,1,STATEN ISLAND UNIV HOSPITAL - NORTH,475 SEAVIEW AVENUE,STATEN ISLAND,NY,10305,WWW.northshorelij.com,X,X,X,X,A
201533249349300303,112868878,2,STATEN ISLAND UNIV HOSPITAL - SOUTH,475 SEAVIEW AVENUE,STATEN ISLAND,NY,10305,WWW.northshorelij.com,X,X,X,X,A
201543209349311059,364195126,1,PRESENCE ST JOSEPH MEDICAL CENTER,333 N MADISON STREET,JOILET,IL,60435,www.presencehealth.org,X,X,X
201543209349311059,364195126,2,PRESENCE MERCY MEDICAL CENTER,1325 NORTH HIGHLAND AVENUE,AURORA,IL,60506,www.presencehealth.org,X,X,X
201543209349311059,364195126,3,PRESENCE ST JOSEPH HOSPITAL,77 NORTH AIRLITE AVENUE,ELGIN,IL,60123,WWW.PRESENCEHEALTH.ORG,X,X,X
201543209349311059,364195126,4,PRESENCE ST MARY'S HOSPITAL,500 WEST COURT STREET,KANKAKEE,IL,60901,WWW.PRESENCEHEALTH.ORG,X,X,X
201543209349311059,364195126,5,PRESENCE COVENANT MEDICAL CENTER,1400 WEST PARK STREET,URBANA,IL,61801,WWW.PRESENCEHEALTH.ORG,X,X,X
201543209349311059,364195126,6,PRESENCE UNITED SAMARITANS MED CNTR,812 NORTH LOGAN AVENUE,DANVILLE,IL,61832,WWW.PRESENCEHEALTH.ORG,X,X,X
201543169349305539,840166760,1,Children's Hospital Colorado,13123 EAST 16TH AVENUE,AURORA,CO,80045,WWW.CHILDRENSCOLORADO.ORG,01O417,X,X,X,X,X,A
201543169349305539,840166760,2,CHILDREN'S HOSPITAL COLORADO - NORTH,469 WEST STATE HIGHWAY 7,BROOMFIELD,CO,80023,WWW.CHILDRENSCOLORADO.ORG,18F110,X,X,A
201543169349305539,840166760,3,CHILDREN'S HOSPITAL COLORADO - PARKER,9395 CROWN CREST BLVD,PARKER,CO,80138,WWW.CHILDRENSCOLORADO.ORG,13Z405,X,X,X,A
201543169349305539,840166760,4,CHILDREN'S HOSPITAL CO - UPTOWN,1830 FRANKLIN STREET,DENVER,CO,80218,WWW.CHILDRENSCOLORADO.ORG,13Y767,X,X,X,A
201543169349305539,840166760,5,CHILDREN'S HOSPITAL CO - MEMORIAL,1400 EAST BOULDER STREET,COLORADO SPRINGS,CO,80909,WWW.CHILDRENSCOLORADO.ORG,13U321,X,X,A
201543169349305539,840166760,6,CHILDREN'S HOSPITAL COLORADO - SOUTH,1811 PLAZA DRIVE,HIGHLAND RANCH,CO,80129,WWW.CHILDRENSCOLORADO.ORG,01F105,X,X,X,X,X,A
201523209349312242,262037695,1,GRADY MEMORIAL HOSPITAL,80 JESSE HILL JR DRIVE SE,ATLANTA,GA,30303,WWW.GRADYHEALTH.ORG,00000525A,X,X,X,X,X
201523209349312242,262037695,2,HUGHES SPALDING CHILDREN'S HOSPITAL,45 JESSE HILL JR DRIVE,ATLANTA,GA,30303,WWW.GRADYHEALTH.ORG,X,X,X
201533179349302988,550525724,1,United Hospital Center Inc,327 Medical Park Drive,Bridgeport,WV,26330,www.uhcwv.org,License No. 107,X,X,X,X
201543209349308089,310621866,1,Kettering Memorial Hospital,3535 Southern Boulevard,Kettering,OH,45429,ketteringhealth.org,X,X,X,X,A
201543209349308089,310621866,2,Sycamore Hospital,4000 Miamisburg-Centerville Road,Miamisburg,OH,45342,ketteringhealth.org,X,X,X,X,A
201543209349308089,310621866,3,Kettering Behavioral Medicine Center,5350 Lamme Road,Dayton,OH,45439,ketteringhealth.org,X
201543209349311669,440545297,1,ST LUKES HOSPITAL OF KANSAS CITY,4401 WORNALL ROAD,KANSAS CITY,MO,64111,87-57,X,X,X,X,X
201543209349311669,440545297,2,KANSAS CITY ORTHOPAEDIC INSTITUTELLC,3651 COLLEGE BLVD,LEAWOOD,KS,66211,X,X,ORTHOPAEDIC SPECIALTY SERVICES
201513179349303591,381357020,1,HENRY FORD HOSPITAL,2799 W GRAND BLVD,DETROIT,MI,48202,HTTP://WWW.HENRYFORD.COM/HOMEPAGE_HFH.,1060000026,X,X,X,X,X
201513179349303591,381357020,2,HENRY FORD WEST BLOOMFIELD HOSPITAL,6777 W MAPLE RD,WEST BLOOMFIELD,MI,48322,HTTP://WWW.HENRYFORD.COM/HOME_WBLOOMFI,1060000155,X,X,X,X
201513179349303591,381357020,3,HENRY FORD COTTAGE HOSPITAL,159 KERCHEVAL,GROSSE POINTE FARMS,MI,48236,HTTP://WWW.HENRYFORD.COM/BODY.CFM?XYZP,1060000064,X,X,X
201513179349303591,381357020,4,HENRY FORD KINGSWOOD HOSPITAL,10300 W EIGHT MILE RD,FERNDALE,MI,48220,HTTP://WWW.HENRYFORD.COM/BODY.CFM?ID=5,1080000037,X,X,PSYCHIATRIC HOSPITAL
201513179349303591,381357020,5,HENRY FORD MAPLEGROVE HOSPITAL,6773 W MAPLE RD,WEST BLOOMFIELD,MI,48322,HTTP://WWW.HENRYFORD.COM/BODY.CFM?ID=4,SA0630142,X,CHEMICAL DEPENDENCY FACILITY
201513209349308151,550643304,1,West Virginia University Hospitals Inc,1 Medical Center Drive,Morgantown,WV,26506,wvumedicine.com,11,X,X,X,X,X,A
201532939349300038,060646813,1,ST FRANCIS HOSPITAL AND MEDICAL CENTER,114 WOODLAND STREET,HARTFORD,CT,06105,X,X,X,X
201523179349302807,250965547,1,Saint Vincent Health Center,232 wst 25th Street,Erie,PA,16544,www.saintvincenthealth.com,X,X,X,X
201523179349304847,741180155,1,Houston Methodist Hospital,6565 Fannin,Houston,TX,77030,www.houstonmethodist.org,000124,X,X,X,X,"Skilled Nursing Facility, Psych, Rehab Units"
201523139349302172,160743102,1,OLEAN GENERAL HOSPITAL,515 MAIN STREET,OLEAN,NY,14760,X,X,X,X,"DENTAL CLINIC, RADIATION ONCOLOGY"
201523209349311907,221487307,1,THE VALLEY HOSPITAL,223 NORTH VAN DIEN AVENUE,RIDGEWOOD,NJ,07450,X,X,X
201503209349313530,362167800,1,Presence Saint Francis Hospital,355 Ridge Avenue,Evanston,IL,60202,http://presencehealth.org/locations/,0002402,X,X,X,X,level 1 trauma center,A
201503179349307610,160743134,1,ROCHESTER GENERAL HOSPITAL,1425 PORTLAND AVENUE,ROCHESTER,NY,14621,X,X,X,X,X,X
201503209349314260,141338428,1,Ellis Hospital,1101 Nott Street,Schenectady,NY,12308,www.ellismedicine.org,4601001H,X,X,X,X,82 Bed Skilled Nursing Facility
201503179349302805,251875178,1,Alle-Kiski Medical Center,1301 Carlisle Street,Natrona Heights,PA,15065,X,X,X
201503209349309280,111661359,1,PECONIC BAY MEDICAL CENTER,1300 ROANOKE AVENUE,RIVERHEAD,NY,11901,HTTP://WWW.PBMCHEALTH.ORG,X,X,X,X
201513169349305086,131624135,1,HOSPITAL FOR SPECIAL SURGERY,535 EAST 70TH STREET,NEW YORK,NY,10021,www.hss.edu,7002012H,X,X,X,X
201523119349300002,210662542,1,CAPE REGIONAL MEDICAL CENTER INC,2 STONE HARBOR BOULEVARD,CAPE MAY COURT HOUSE,NJ,08210,WWW.CAPEREGIONAL.COM,10501,X,X,X,1
201543169349301669,541547408,1,SENTARA NORFOLK GENERAL HOSP,600 GRESHAM DRIVE,NORFOLK,VA,23507,WWW.SENTARA.COM,H 1896,X,X,X,X,X,A
201543169349301669,541547408,2,SENTARA LEIGH HOSPITAL,830 KEMPSVILLE ROAD,NORFOLK,VA,23502,WWW.SENTARA.COM,H 1895,X,X,X,X,A
201543169349301669,541547408,3,SENTARA VA BEACH GEN HOSP,1060 FIRST COLONIAL ROAD,VA BEACH,VA,23454,WWW.SENTARA.COM,H 1897,X,X,X,X,A
201543169349301669,541547408,4,SENTARA CAREPLEX HOSPITAL,3000 COLISEUM DRIVE,HAMPTON,VA,23666,WWW.SENTARA.COM,H 1894,X,X,X,A
201543169349301669,541547408,5,SENTARA OBICI HOSPITAL,2800 GODWIN BLVD,SUFFOLK,VA,23434,WWW.SENTARA.COM,H 1869,X,X,X,X,A
201543169349301669,541547408,6,SENTARA WMSBG REG MED CTR,100 SENTARA CIRCLE,WILLIAMSBURG,VA,23188,WWW.SENTARA.COM,H 1898,X,X,X,A
201543169349301669,541547408,7,SENTARA ALBEMARLE MEDICAL CTR,1144 N ROAD STREET,ELIZABETH CITY,NC,27909,WWW.SENTARA.COM,H0054,X,X,X
201543169349301669,541547408,8,SENTARA LEIGH HOSP AMB SRG CTR,830 KEMPSVILLE ROAD,NORFOLK,VA,23502,WWW.SENTARA.COM,OH 669,X,AMBULATORY SURGERY CENTER,A
201543169349301669,541547408,9,SENTARA PORT WARWICK AMB SRG CTR,1031 LOFTIS BLVD,NEWPORT NEWS,VA,23606,WWW.SENTARA.COM,OH 704,X,X,AMBULATORY SURGERY CENTER,A
201543169349301669,541547408,10,GEDDY OUTPATIENT CTR AT SWRMC,400 SENTARA CIRCLE,WILLIAMSBURG,VA,23188,WWW.SENTARA.COM,OH 670,X,AMBULATORY SURGERY CENTER,A
201543169349301669,541547408,11,PRINCESS ANNE AMB SURG CTR,1975 GLENN MITCHELL DRIVE,VA BEACH,VA,23456,WWW.SENTARA.COM,OH 706,X,AMBULATORY SURGERY CENTER
201543169349301669,541547408,12,CAREPLEX ORTHO AMBULATORY SURG CTR,3000 COLISEUM DRIVE,HAMPTON,VA,23666,CAREPLEXORTHO.COM,OH 718,X,AMBULATORY SURGERY CENTER
201543169349301669,541547408,13,VA BEACH AMB SURG CTR,1700 WILL-O-WISP DRIVE,VA BEACH,VA,23454,WWW.VBASC.COM,OH 681,X,AMBULATORY SURGERY CENTER
201543169349301669,541547408,14,SENTARA OBICI AMB SURG CTR,2750 GODWIN BLVD,SUFFOLK,VA,23434,WWW.SENTARA.COM,OH 710,X,AMBULATORY SURGERY CENTER
201533209349313018,210634484,1,INSPIRA MEDICAL CENTER VINELAND,1505 WEST SHERMAN AVENUE,VINELAND,NJ,08360,WWW.INSPIRAHEALTHNETWORK.ORG,10603,X,X,X,X,1
201533209349313018,210634484,2,INSPIRA MEDICAL CENTER ELMER,425/475 FRONT STREET,ELMER,NJ,08318,WWW.INSPIRAHEALTHNETWORK.ORG,11701,X,X,X,1
201543169349303904,420504780,1,ST LUKE'S METHODIST HOSPITAL,1026 A AVENUE NE,CEDAR RAPIDS,IA,524023026,WWW.UNITYPOINT.ORG/CEDARRAPIDS,570066H,X,X,X,X
201543149349300954,150532245,1,ST ELIZABETH MEDICAL CENTER,2209 GENESEE STREET,UTICA,NY,13501,X,X,TEACHING HOSPITAL AND 24 HOUR ER
201533179349302008,226019101,1,THE COMMUNITY HOSPITAL GROUP INC,65 JAMES STREET,EDISON,NJ,08820,JFKHEALTHSYSTEM.ORG,X,X,X,X,X,ACUTE HOSPITAL,1
201533179349302008,226019101,2,THE COMMUNITY HOSPITAL GROUP INC,65 JAMES STREET,EDISON,NJ,08820,JFKHEALTHSYSTEM.ORG,X,X,X,X,REHAB FACILITY,2
201533179349302008,226019101,3,THE COMMUNITY HOSPITAL GROUP INC,PARK RANDOLPH ROADS,PLAINFIELD,NJ,07061,JFKHEALTHSYSTEM.ORG,X,X,Plainfield SED and Imaging,1
201533179349302008,226019101,4,THE COMMUNITY HOSPITAL GROUP INC,60 James Street,Edison,NJ,08820,JFKHEALTHSYSTEM.ORG,X,Image Center/MRI,1
201533179349302008,226019101,5,THE COMMUNITY HOSPITAL GROUP INC,98 JAMES STREET,EDISON,NJ,08820,JFKHEALTHSYSTEM.ORG,X,SURGERY CENTER,1
201533179349302008,226019101,6,THE COMMUNITY HOSPITAL GROUP INC,60 JAMES STREET,EDISON,NJ,08820,JFKHEALTHSYSTEM.ORG,X,IMAGE/WOMEN CENTER,1
201533179349302008,226019101,7,THE COMMUNITY HOSPITAL GROUP INC,4 Ethel Road Suite 406A,Edison,NJ,08817,JFKHEALTHSYSTEM.ORG,X,DIAGNOSTIC CARDIOLOGY CENTER,2
201533179349302008,226019101,8,THE COMMUNITY HOSPITAL GROUP INC,65 JAMES STREET,EDISON,NJ,08820,JFKHEALTHSYSTEM.ORG,X,FAMILY MEDICINE,1
201533179349302008,226019101,9,THE COMMUNITY HOSPITAL GROUP INC,2048 OAKTREE ROAD,EDISON,NJ,08818,JFKHEALTHSYSTEM.ORG,X,COGNITIVE REHAB,2
201533179349302008,226019101,10,THE COMMUNITY HOSPITAL GROUP INC,2050 OAKTREE ROAD,EDISON,NJ,08818,JFKHEALTHSYSTEM.ORG,X,PEDIATRIC REHAB,2
201533179349302008,226019101,11,THE COMMUNITY HOSPITAL GROUP INC,65 JAMES STREET,EDISON,NJ,08820,JFKHEALTHSYSTEM.ORG,X,BEHAV/OCCUPATIONAL HEALTH,1
201533179349302008,226019101,12,THE COMMUNITY HOSPITAL GROUP INC,308 TALMADGE ROAD,EDISON,NJ,08817,JFKHEALTHSYSTEM.ORG,X,P&O LAB,2
201533179349302008,226019101,13,THE COMMUNITY HOSPITAL GROUP INC,1314 Park Ave Suite 9,Plainfield,NJ,07060,JFKHEALTHSYSTEM.ORG,X,Diagnostic Cardiology CENTER,2
201533179349302008,226019101,14,THE COMMUNITY HOSPITAL GROUP INC,300 OVERLOOK DRIVE,MONROE TOWNSHIP,NJ,08831,JFKHEALTHSYSTEM.ORG,X,OUTPATIENT REHAB FACILITY,2
201533179349302008,226019101,15,THE COMMUNITY HOSPITAL GROUP INC,481 MEMORIAL PARKWAY,METUCHEN,NJ,08840,JFKHEALTHSYSTEM.ORG,X,OUTPATIENT REHAB FACILITY,2
201533179349302008,226019101,16,THE COMMUNITY HOSPITAL GROUP INC,561 Middlesex Ave,Metuchen,NJ,08840,JFKHEALTHSYSTEM.ORG,X,Cardiac Lab,2
201533179349302008,226019101,17,THE COMMUNITY HOSPITAL GROUP INC,2050 OAKTREE ROAD,EDISON,NJ,08818,JFKHEALTHSYSTEM.ORG,X,CHILDCARE,2
201533179349302008,226019101,18,THE COMMUNITY HOSPITAL GROUP INC,225 May Street Suite F,Edison,NJ,08837,JFKHEALTHSYSTEMS.ORG,X,Diagnostic Cardiology CENTER,2
201533179349302008,226019101,19,THE COMMUNITY HOSPITAL GROUP INC,3 PROGRESS STREET,EDISON,NJ,08817,JFKHEALTHSYSTEM.ORG,X,ADULT DAY CARE,2
201533179349302008,226019101,20,THE COMMUNITY HOSPITAL GROUP INC,98 James Street,Edison,NJ,08820,JFKHEALTHSYSTEMS.ORG,X,Breast Center,2
201533199349300013,160743310,1,St James Mercy Hospital,411 Canisteo Street,Hornell,NY,14843,www.stjamesmercy.org,5002001H,X,X,X
201533169349303243,370661223,1,METHODIST MEDICAL CENTER OF ILLINOIS,221 NE GLEN OAK AVENUE,PEORIA,IL,61636,WWW.UNITYPOINT.ORG/PEORIA,0001594,X,X,X,X,A
201533169349303243,370661223,2,GREATER PEORIA SPECIALTY HOSPITAL,500 W ROMEO B GARRETT AVE,PEORIA,IL,61605,WWW.KHPEORIA.COM,0005595,X,X,X,LONG TERM ACUTE CARE,A
201533179349304323,362169147,1,CHRIST HOSP INCL HOPE CHILDREN'S HOSP,4440 WEST 95TH STREET,OAK LAWN,IL,60453,http://www.advocatehealth.com/cmc/,0000315,X,X,X,X,X
201533179349304323,362169147,2,LUTHERAN GEN HOSP INCL LUTH GEN CHILD,1775 DEMPSTER STREET,PARK RIDGE,IL,60068,http://www.advocatehealth.com/luth/,0004796,X,X,X,X,X
201533179349304323,362169147,3,GOOD SAMARITAN HOSPITAL,3815 HIGHLAND AVENUE,DOWNERS GROVE,IL,60515,http://www.advocatehealth.com/gsam/,0003384,X,X,X
201533179349304323,362169147,4,GOOD SHEPHERD HOSPITAL,450 W HIGHWAY 22,BARRINGTON,IL,60010,http://www.advocatehealth.com/gshp/,0003475,X,X,X
201533179349304323,362169147,5,SOUTH SUBURBAN HOSPITAL & ICU,17800 S KEDZIE,HAZEL CREST,IL,60429,http://www.advocatehealth.com/ssub/,0004697,X,X,X
201533179349304323,362169147,6,BROMENN MEDICAL CENTER,1304 FRANKLIN AVENUE,NORMAL,IL,61761,http://www.advocatehealth.com/BROMENN/,0005645,X,X,X
201533179349304323,362169147,7,TRINITY HOSPITAL,2320 EAST 93RD STREET,CHICAGO,IL,60617,http://www.advocatehealth.com/TRIN/,0004176,X,X,X
201533179349304323,362169147,8,EUREKA HOSPITAL,101 S MAJOR STREET,EUREKA,IL,61530,http://www.advocatehealth.com/eureka/,0005652,X,X,X,X
201533169349306288,111635088,1,MERCY MEDICAL CENTER,1000 NORTH VILLAGE AVENUE,ROCKVILLE CENTRE,NY,11570,http://mercymedicalcenter.chsli.org,2909000H,X,X,X,X,PSYCHIATRIC UNIT / REHABILITATIVE SERVICES
201620339349301112,250965406,1,Jameson Memorial Hospital,1211 Wilmington Avenue,New Castle,PA,161052595,jamesonhealth.org,101201,X,X,X,A
201620339349301112,250965406,2,Jameson Memorial Hospital,1000 South Mercer Street,New Castle,PA,16101,jamesonhealth.org,101201,X,X,A
201601339349302105,010211494,1,CENTRAL MAINE MEDICAL CENTER,300 MAIN STREET,LEWISTON,ME,04240,www.cmmc.org,38361,X,X,X,X
201611339349303691,310537486,1,GOOD SAMARITAN HOSPITAL,375 DIXMYTH AVENUE,CINCINNATI,OH,45220,WWW.TRIHEALTH.COM,1191,X,X,X,X,X
201631329349303648,460225483,1,Avera Sacred Heart Hospital,501 Summit Street,Yankton,SD,57078,www.avera.org/sacred-heart/,10576,X,X,X,6 provider based RHCs and 5 provider based clinics
201631329349303648,460225483,2,Avera Creighton Hospital,1503 Main Street,Creighton,NE,68729,www.avera.org/creighton/,490001,X,X,X,X,1 provider based clinic
201601349349304070,582032904,1,KENNESTONE HOSPITAL,677 CHURCH STREET,MARIETTA,GA,30060,www.wellstar.org,033-548,X,X,X,HEALTH PARK INPATIENT HOSPICE
201601349349304070,582032904,2,WINDY HILL HOSPITAL,2540 WINDY HILL ROAD,MARIETTA,GA,30067,www.wellstar.org,033-545,X,X,LONG TERM ACUTE CARE
201610909349300211,231352204,1,READING HOSPITAL,SIXTH AVE SPRUCE ST,WEST READING,PA,19611,X,X,X,X
201601329349301500,230465970,1,THE CHAMBERSBURG HOSPITAL,112 NORTH SEVENTH STREET,CHAMBERSBURG,PA,17201,X
201621329349304452,752765566,1,COVENANT MED CENTER-LAKESIDE CAMPUS,4000 24TH STREET,LUBBOCK,TX,79410,WWW.COVENANTHEALTH.ORG,465,X,X,X,X,X,A
201621329349304452,752765566,2,COVENANT MEDICAL CENTER,3615 19TH STREET,LUBBOCK,TX,794101203,WWW.COVENANTHEALTH.ORG,465,X,X,X,X,A
201621339349303972,460224604,1,Avera Queen of Peace Hospital,525 North Foster Street,Mitchell,SD,57301,www.averaqueenofpeace.org,10552,X,X,X,5 Provider Based Clinics
201621339349303972,460224604,2,Avera Weskota Memorial Medical Center,609 1st Street NE,Wessington Springs,SD,57382,www.avera.org/weskota,48209,X,X,X
201621339349303972,460224604,3,Avera De Smet Memorial Hospital,306 Prairie Avenue SW,De Smet,SD,57231,www.avera.org/de-smet,50726,X,X,X
201631339349306168,951690977,1,CHILDREN'S HOSPITAL LOS ANGELES,4650 SUNSET BLVD,LOS ANGELES,CA,90027,WWW.CHLA.ORG,930000032,X,X,X,X,X,X
201601339349301805,231352222,1,York Hospital,1001 S George Street,York,PA,17405,http://www.wellspan.org,250301,X,X,X,X,X,X
201601199349300130,520591658,1,MERCY MEDICAL CENTER,301 ST PAUL PLACE,BALTIMORE,MD,21202,MDMERCY.COM,X,X,X,X
201611339349306046,470757164,1,ALEGENT HEALTH MIDLANDS HOSPITAL,11111 S 84TH ST,PAPILLION,NE,68046,www.chihealth.com,680001,X,X,X,A
201611339349306046,470757164,2,Alegent Creighton Health - Creighton University Medical Center,601 N 30th St,Omaha,NE,68131,www.chihealth.com,H000122,X,X,X,A
201611339349306046,470757164,3,ALEGENT HEALTH PLAINVIEW HOSPITAL,704 N 3RD STREET,PLAINVIEW,NE,68769,www.chihealth.com,620002,X,X,X,B
201611339349306046,470757164,4,ALEGENT HEALTH LAKESIDE HOSPITAL,16901 LAKESIDE HILLS COURT,OMAHA,NE,68130,www.chihealth.com,H000106,X,X,X,A
201631349349304403,240795508,1,The Williamsport Hospital,700 High Street,Williamsport,PA,17701,www.susquehannahealth.org,234601,X,X,X
201611329349304086,520491660,1,HARBOR HOSPITAL INC,3001 SOUTH HANOVER STREET,BALTIMORE,MD,21225,X,X,X,X
201601339349301035,410695596,1,SAINT CLOUD HOSPITAL,1406 6TH AVE N,ST CLOUD,MN,563031901,X,X,X,X,"REHAB, PSYCH, HOME HEALTH, HOSPICE AND RENAL DIALYSIS"
201611349349302951,710240352,1,MERCY HOSPITAL FORT SMITH,7301 ROGERS AVENUE,FORT SMITH,AR,72903,AR4941,X,X,X,A
201611349349302951,710240352,2,Mercy Orthopedic Hospital Fort Smith,3601 S79th Street,Fort Smith,AR,72903,AR5079,X,X,X,A
201601379349307515,581685139,1,THE MEDICAL CENTER INC,710 CENTER STREET,COLUMBUS,GA,31901,WWW.COLUMBUSREGIONAL.COM,X,X,X,X,NURSING HOME
201621349349301252,160743209,2,STRONG MEMORIAL HOSPITAL &EXT CLINICS,601 ELMWOOD AVENUE,ROCHESTER,NY,14642,WWW.URMC.ROCHESTER.EDU/STRONG-MEMORIAL,LICENSE# 2701005H,X,X,X,X,X,X,OUTPATIENT MED CLINI OUTPATIENT MENTAL HE METHADONE MAINTENANC
201601319349302115,231352685,1,THE HOSPITAL OF THE UNIV OF PENN,3400 SPRUCE STREET,PHILADELPHIA,PA,19104,WWW.PENNMEDICINE.ORG,341101,X,X,X,X,X
201601279349300300,231365353,1,Lancaster General Hospital,555 North Duke Street PO Box 3555,Lancaster,PA,176043555,www.lghealth.org,120801,X,X,X,X,X,A
201601279349300300,231365353,2,Women and Babies Hospital,690 Good Drive PO Box 3750,Lancaster,PA,176043750,www.lghealth.org,120801,X,X,X,A
201601329349301495,520591685,1,UNION MEMORIAL HOSPITAL,201 EAST UNIVERSITY PARKWAY,BALTIMORE,MD,21218,X,X,X,X
201641329349303954,232810852,1,PENN PRESBYTERIAN MEDICAL CTR,51 NORTH 39TH STREET,PHILADELPHIA,PA,19104,WWW.PENNMEDICINE.ORG,LICENSE# 421101,X,X,X,X
201601349349304960,141338457,1,ALBANY MEMORIAL HOSPITAL,600 NORTHERN BLVD,ALBANY,NY,12204,WWW.SPHP.COM,0101003H,X,X,X
201640439349301729,131624158,1,The Rockefeller University Hospital,1230 York Avenue,New York,NY,10065,www.rucares.org,X,X
201601309349301480,620476822,1,Vanderbilt University Hospitals,1211 22nd Avenue South,Nashville,TN,37212,www.vanderbilthealth.com,0000000027,X,X,X,X,X,X
201601309349301480,620476822,2,Vanderbilt Stallworth Rehab Hospital,2201 Childrens Way,Nashville,TN,37212,www.vanderbiltstallworthrehab.com,0000000141,X
201621379349303417,231352202,1,SCHUYLKILL MEDICAL CENTER SOUTH JACKSON,420 SOUTH JACKSON STREET,POTTSVILLE,PA,17901,X,X,X
201641339349305994,370661238,1,ST JOHN'S HOSPITAL,800 EAST CARPENTER STREET,SPRINGFIELD,IL,62769,https://www.st-johns.org/,1927332,X,X,X,X,X
201631339349300108,520591667,1,MARYLAND GENERAL HOSPITAL Inc,827 LINDEN AVENUE,BALTIMORE,MD,21201,30-046,X,X,X,X
201611379349309521,710329353,1,JEFFERSON REGIONAL MEDICAL CENTER,1600 W 40TH AVENUE,PINE BLUFF,AR,71603,WWW.JRMC.ORG,AR4213,X,X,X,X
201631379349302998,250965600,1,THE WASHINGTON HOSPITAL,155 WILSON AVENUE,WASHINGTON,PA,15301,www.washingtonhospital.org,230201,X,X,X,X
201641379349310939,390847631,1,Saint Joseph's Hospital of Marshfield,611 Saint Joseph Avenue,Marshfield,WI,54449,http://ministryhealth.org,5297-800,X,X,X,X,X
201641349349302609,231352152,1,ABINGTON MEMORIAL HOSPITAL,1200 OLD YORK ROAD,ABINGTON,PA,19001,WWW.ABINGTONHEALTH.ORG,270501,X,X,X,X
201601349349303480,231352187,1,GEISINGER-LEWISTOWN HOSPITAL,400 HIGHLAND AVENUE,LEWISTOWN,PA,17044,WWW.LEWISTOWNHOSPITAL.ORG,121501,X,X,X
201621379349309332,510067938,1,BEEBE MEDICAL CENTER INC,424 SAVANNAH ROAD,LEWES,DE,19958,www.beebeheatlhcare.org,HSPTL-007,X,X,X
201611379349307081,951642394,1,KECK HOSPITAL OF USC,1500 SAN PABLO STREET,LOS ANGELES,CA,90089,WWW.KECKMEDICINE.ORG,930000459,X,X,X,X,A
201611379349307081,951642394,2,USC NORRIS CANCER HOSPITAL,1441 EASTLAKE AVENUE,LOS ANGELES,CA,90089,WWW.CANCER.KECKMEDICINE.ORG,930000267,X,X,X,X,A
201611379349307081,951642394,3,USC VERDUGO HILLS HOSPITAL,1812 VERDUGO BLVD,GLENDALE,CA,91208,www.uscvhh.org,930000173,X,X,X,B
201631389349300023,230596940,1,Aria Health - Frankford,4900 Frankford Ave,Philadelphia,PA,19124,wwwariahealthorg,230596940,X,X,X,X,A
201631389349300023,230596940,2,Aria Health - Bucks,380 N Oxford Valley Rd,Langhorne,PA,19047,wwwariahealthorg,230596940,X,X,X,X,A
201631389349300023,230596940,3,Aria Health -Torresdale,10800 Knights Rd,Phila,PA,19114,wwwariahealthorg,230596940,X,X,X,X,X,Truama Center,A
201631369349300843,420680448,1,Mercy Medical Center - Des Moines,www.mercydesmoines.org,770033H,X,X,X,A
201631369349300843,420680448,2,Mercy Medical Center - Westlakes,www.mercydesmoines.org,770158H,X,X,X,A
201631329349303763,521272129,1,WASHINGTON HOSPITAL CENTER,110 IRVING STREET NW,WASHINGTON,DC,20010,X,X,X,X
201641339349302744,223431049,1,ST FRANCIS MEDICAL CENTER TRENTON NJ,601 HAMILTON AVE,TRENTON,NJ,08629,HTTP://WWW.STFRANCISMEDICAL.ORG/,LICENSE #11105,X,X,X,X
201601349349301625,160743209,1,STRONG MEMORIAL HOSPITAL &EXT CLINICS,601 ELMWOOD AVENUE,ROCHESTER,NY,14642,WWW.URMC.ROCHESTER.EDU/STRONG-MEMORIAL,LICENSE# 2701005H,X,X,X,X,X,X,OUTPATIENT MED CLINI OUTPATIENT MENTAL HE METHADONE MAINTENANC
201621379349302182,362174823,1,Rush University Medical Center,1653 W Congress Parkway,Chicago,IL,60612,www.rush.edu,0001917,X,X,X,X,X,X,X
201631349349303093,310538525,1,THE CHRIST HOSPITAL,2139 AUBURN AVENUE,CINCINNATI,OH,45219,www.thechristhospital.com,X,X,X,X
201641349349300939,231352213,1,ST LUKE'S HOSPITAL-BETHLEHEM CAMPUS,801 OSTRUM STREET,BETHLEHEM,PA,180151000,WWW.SLHN.ORG,451201,X,X,X,X,X,1
201641349349300939,231352213,2,ST LUKE'S HOSPITAL-ALLENTOWN CAMPUS,1736 W HAMILTON STREET,ALLENTOWN,PA,18104,WWW.SLHN.ORG,451201,X,X,X,X,1
201611339349302301,232825878,1,Temple University Hospital Inc,3509 North Broad Street,Philadelphia,PA,19140,http://tuh.templehealth.org,200701,X,X,X,X,X,A
201611339349302301,232825878,2,Temple Univ Hosp Episcopal Hospital,3509 North Broad Street,Philadelphia,PA,19125,http://tuh.templehealth.org,200701,X,X,X,X,A
201611339349302301,232825878,3,Temple Univ Hosp Bone Marrow Jeanes,7600 Central Avenue,Philadelphia,PA,19111,http://tuh.templehealth.org,200701,X,X,X,A
201611339349302301,232825878,4,Northeastern Ambulatory Care Center,2301 East Allegheny Avenue,Philadelphia,PA,19134,http://tuh.templehealth.org,200701,X,X,X,A
201611339349303226,720535375,1,LAFAYETTE GENERAL MEDICAL CENTER INC,1214 COOLIDGE BLVD,LAFAYETTE,LA,70503,X,X,X,X
201611379349300221,250967480,1,OHIO VALLEY HOSPITAL,25 HECKEL ROAD,MCKEES ROCKS,PA,15136,X,X,X,X
201611379349302081,720423889,1,TULANE UNIVERSITY HOSPITAL AND CLINIC,1415 TULANE AVENUE,NEW ORLEANS,LA,70112,X,X,X,X
201611269349301181,951643359,1,ST JOSEPH HOSPITAL OF ORANGE,1100 WEST STEWART DRIVE,ORANGE,CA,92868,WWW.SJO.ORG,060000172,X,X,X,X
201621339349300107,520610538,1,THE MEMORIAL HOSPITAL AT EASTON,219 S WASHINGTON STREET,EASTON,MD,21601,www.umshoreregional.org,20-003,X,X,X
201621339349300107,520610538,2,DORCHESTER GENERAL HOSPITAL,300 BYRN STREET,CAMBRIDGE,MD,21613,www.umshoreregional.org,09-002,X,X,X
201611349349305221,430653493,1,Mercy Hospital St Louis,615 S New Ballas Road,St Louis,MO,63141,www.mercy.net/stlouismo,226-50,X,X,X,X,X,X
201611349349305221,430653493,2,Mercy Hospital Washington,901 E Fifth Street,Washington,MO,63090,www.mercy.net/stlouismo,311-32,X,X,X
201621309349300542,250965307,1,CONEMAUGH VALLEY MEMORIAL HOSPITAL,1086 FRANKLIN STREET,JOHNSTOWN,PA,15905,WWW.CONEMAUGH.ORG,X,X,X,X,X,A
201621309349300542,250965307,2,CRICHTON REHABILITATION CENTER,320 MAIN STREET,JOHNSTOWN,PA,15901,WWW.CONEMAUGH.ORG,X,X,A
201621309349300542,250965307,3,LEE AMBULATORY SURGICAL CENTER,320 MAIN STREET,JOHNSTOWN,PA,15901,WWW.CONEMAUGH.ORG,X,X,A
201600979349300030,590624458,1,University of Miami Hospital,1400 NW 12 Avenue,Miami,FL,33136,umiamihospital.com,#4109,X,X,X,X
201600979349300030,590624458,2,University of Miami Hospital & Clinics,1475 NW 12 Avenue,Miami,FL,33136,sylvester.org,#4074,X,X
201600979349300030,590624458,3,Anne Bates Leach Eye Hospital,900 NW 17 Street,Miami,FL,33136,bascompalmer.org,#4040,X,X
201641339349301489,231352685,1,THE HOSPITAL OF THE UNIV OF PENN,3400 SPRUCE STREET,PHILADELPHIA,PA,19104,WWW.PENNMEDICINE.ORG,LICENSE# 341101,X,X,X,X,X,X
201631339349306173,370663567,1,ST ELIZABETH'S HOSPITAL,211 SOUTH 3RD STREET,BELLEVILLE,IL,62220,http://www.steliz.org/,00002345,X,X,X,X
201621349349302912,240862246,1,COMMUNITY MEDICAL CENTER,DBA GEISINGER-COMMUNITY MEDICAL CTR,1822 MULBERRY STREET,SCRANTON,PA,18510,WWW.GEISINGER.ORG,037101,X,X,X
201641349349307514,231352155,1,UPMC Altoona,620 Howard Avenue,Altoona,PA,16601,www.altoonaregional.org,012801,X,X,X,X
201631339349305488,231637191,1,CROZER-CHESTER MEDICAL CENTER,ONE MEDICAL CENTER BLVD,UPLAND,PA,190133995,WWW.CROZERKEYSTONE.ORG,037201,X,X,X,X,1
201631339349305488,231637191,2,TAYLOR HOSPITAL,175 EAST CHESTER PIKE,RIDLEY PARK,PA,19078,WWW.CROZERKEYSTONE.ORG,037201,X,X,X,X,1
201631339349305488,231637191,3,SPRINGFIELD HOSPITAL,190 WEST SPROUL ROAD,SPRINGFIELD,PA,19064,WWW.CROZERKEYSTONE.ORG,037201,X,X,X,X,1
201621379349305317,530204707,1,HOWARD UNIVERSITY HOSPITAL,2041 GEORGIA AVENUE,WASHINGTON,DC,20060,X,X,X,X,X,X
201631349349302543,440552485,1,Mercy Hospital Springfield,1235 E Cherokee Street,Springfield,MO,65804,38-57,X,X,X,X
201640479349301114,370673506,1,GRAHAM HOSPITAL ASSOCIATION,210 WEST WALNUT STREET,CANTON,IL,61520,WWW.GRAHMHOSPITAL.ORG,0000869,X,X
201630899349300703,362167847,1,ROCKFORD MEMORIAL HOSPITAL,2400 N ROCKTON AVE,ROCKFORD,IL,61103,HTTP://WWW.ROCKFORDHEALTHSYSTEM.ORG/ROCKFORD-MEMORIAL-HOSPITAL,0002048,X,X,X,X,X,X
201630899349300703,362167847,2,VANMATRE HEALTH SOUTH,950 S MULFORD RD,ROCKFORD,IL,61108,HTTP://WWW.ROCKFORDHEALTHSYSTEM.ORG/VAN-MATRE-HEALTHSOUTH-REHABILITATION-HOSPITAL,0005215,X,REHABILITATION
201631349349304073,141338544,1,SAMARITAN HOSPITAL,2215 BURDETT AVENUE,TROY,NY,12180,WWW.NEHEALTH.COM/MEDICAL_CARE/,4102002H,X,X,X
201611349349300416,251801532,1,Heritage Valley Beaver,1000 Dutch Ridge Road,Beaver,PA,15009,X,X,X,X,A
201611349349300416,251801532,2,Heritage Valley Sewickley,720 Blackburn Road,Sewickley,PA,15143,X,X,X,A
201622259349303912,042767880,1,MELROSE WAKEFIELD HOSPITAL,585 LEBANON STREET,MELROSE,MA,02176,X,X,X,A
201622259349303912,042767880,2,LAWRENCE MEMORIAL HOSPITAL,170 GOVERNORS AVE,MEDFORD,MA,02155,X,X,X,A
201622259349303912,042767880,3,HALLMARK ONCOLOGY & HEMATOLOGY CTR,41 MONTVALE AVE,STONEHAM,MA,02180,OUTPATIENT MEDICAL,A
201622259349303912,042767880,4,CHEM CENTER FOR RADIATION & MRI,48 MONTVALE AVE,STONEHAM,MA,02180,OUTPATIENT MEDICAL,A
201622259349303912,042767880,5,HALLMARK HEALTH AT 101 MAIN,101 MAIN STREET,MEDFORD,MA,02155,OUTPATIENT MEDICAL,A
201622259349303912,042767880,6,HALLMARK OUTPAT DIAGNOSTIC & REHAB,30 NEWCROSSING ROAD,READING,MA,01867,OUTPATIENT MEDICAL,A
201622259349303912,042767880,7,HEALTH IMAGE WOMAN'S IMAGING CENTER,830 MAIN STREET,MELROSE,MA,02176,IMAGING CENTER,A
201622259349303912,042767880,8,MELROSE-WAKEFIELD HOSP REHAB SERV,22 COREY STREET,MELROSE,MA,02176,PT & REHAB SERVICE,A
201622259349303912,042767880,9,LAWRENCE MEMORIAL HOSPITAL PROGRAM,200 GOVERNORS AVE,MEDFORD,MA,02155,PSYCHIATRIC SERVICE,A
201622259349303912,042767880,10,COMMUNITY COUNSELING CENTER,178 SAVIN STREET,MALDEN,MA,02148,OUTPATIENT COUNSELING,A
201622289349302067,550357045,1,REYNOLDS MEMORIAL HOSPITAL,800 WHEELING AVENUE,GLEN DALE,WV,26038,X,X,X
201612289349305071,060646710,1,MANCHESTER MEMORIAL HOSPITAL,www.echn.org,0048,X,X,X,X
201632249349300213,060646554,1,BRIDGEPORT HOSPITAL,267 GRANT STREET,BRIDGEPORT,CT,06610,WWW.BRIDGEPORTHOSPITAL.ORG,0040,X,X,X,X,X
201632249349301688,362167060,1,Evanston Hospital,2650 Ridge Avenue,Evanston,IL,60201,northshore.org,0000646,X,X,X,X,X,A
201632249349301688,362167060,2,Glenbrook Hospital,2100 Pfingsten Road,Glenview,IL,60026,northshore.org,0003483,X,X,X,X,X,A
201632249349301688,362167060,3,Highland Park Hospital,777 Park Avenue West,Highland Park,IL,60035,northshore.org,0005066,X,X,X,X,X,A
201632249349301688,362167060,4,Skokie Hospital,9600 Gross Point Road,Skokie,IL,60076,northshore.org,0005587,X,X,X,X,X,A
201632289349304143,721025017,1,BRGMC - MID CITY AND BLUEBONNET CAMPUS,8490 PICARDY AVENUE,BATON ROUGE,LA,70809,X,X,X,X
201602269349300705,060646768,1,The Hospital of Central Connecticut,100 Grand Street,New Britain,CT,06050,www.thocc.org,000052,X,X,X,X,New Britain General Hospital Campus and Bradley Memorial Hospital Campus
201612289349303176,540506332,1,Carilion Medical Center- DBA CRMH,1906 Belleview Avenue,Roanoke,VA,24019,www.carilionclinic.org,H 1840,X,X,X,X,X,X,A
201612289349303176,540506332,2,Carilion Medical Center- DBA CRCH,101 Elm Avenue,Roanoke,VA,24019,www.carilionclinic.org,H1839,X,Rehabilitation Unit; Urgent Care,A
201612269349300706,060646715,1,Midstate Medical Center,435 Lewis Avenue,Meriden,CT,06451,0070,X
201602289349300140,610444716,1,ASHLAND HOSPITAL CORPORATION,2201 LEXINGTON AVENUE,ASHLAND,KY,41101,WWW.KDMC.COM,100958,X,X,X
201632289349303303,550357050,1,St Mary's Medical Center,2900 First Avenue,Huntington,WV,25702,X,X,X,X
201612269349300111,060646966,1,Windham Community Memorial Hospital,112 Mansfield Avenue,Willimantic,CT,06226,www.wcmh.org,0061,X,X,X
201612289349303186,060646597,1,Danbury Hospital,24 Hospital Avenue,Danbury,CT,06810,www.danburyhospital.org,0039,X,X,X,X,X
201612289349303186,060646597,2,New Milford Hospital Campus,21 Elm Street,New Milford,CT,06776,www.newmilfordhospital.org,0039,X,X,X
201641969349301239,750827446,1,HENDRICK MEDICAL CENTER,1900 PINE STREET,ABILENE,TX,79601,WWW.EHENDRICK.ORG,000500,X,X,X,REHABILITATION CTR
201602249349302325,042790311,1,Baystate Medical Center Inc,759 Chestnut Street,Springfield,MA,01199,2339,X,X,X,X,X,X
201612189349301551,362340313,1,NORTHWEST COMMUNITY HOSPITAL,800 W CENTRAL ROAD,ARLINGTON HEIGHTS,IL,60005,0001701,X,X,X
201612099349301271,810232122,1,BENEFIS HOSPITALS INC EAST CAMPUS,1101 26TH STREET SOUTH,GREAT FALLS,MT,59405,X,X,X,A
201612099349301271,810232122,2,BENEFIS HOSPITALS INC WEST CAMPUS,500 15TH AVENUE SOUTH,GREAT FALLS,MT,59405,X,X,A
201631949349301163,541744931,1,Memorial Regional Medical Center,8260 Atlee Road,Mechanicsville,VA,23116,http://richmond.bonsecours.com/,H1831,X,X,X,X,X
201602109349301030,410682405,1,Betty Ford Center,39000 Bob Hope Drive,Rancho Mirage,CA,92270,www.hazeldenbettyford.org/treatment/lo,106330120,X
201642049349300319,010211534,1,Mercy Hospital,144 State Street,Portland,ME,04101,www.mercyhospital.org,38065,X,X,X
201622249349301897,440577118,1,LESTER E COX MEDICAL CENTERS - SOUTH,3801 S NATIONAL AVE,SPRINGFIELD,MO,65807,WWW.COXHEALTH.COM,500-8,X,X,X,X,X,1
201622249349301897,440577118,2,LESTER E COX MEDICAL CENTERS - NORTH,1423 N JEFFERSON ST,SPRINGFIELD,MO,65802,WWW.COXHEALTH.COM,500-8,X,X,X,1
201622249349301897,440577118,3,MEYER ORTHOPEDIC HOSPITAL,1000 E WALNUT LAWN,SPRINGFIELD,MO,65807,WWW.COXHEALTH.COM,500-8,X,X,1
201622239349301232,010238552,1,MAINE MEDICAL CENTER,22 BRAMHALL STREET,PORTLAND,ME,04102,WWW.MMC.ORG,38227,X,X,X,X,X,X
201602109349300815,370661183,1,BLESSING HOSPITAL AT 11TH ST,BROADWAY AT 11TH ST,QUINCY,IL,62301,X,X,X,X,X,A
201602109349300815,370661183,2,BLESSING HOSPITAL AT 14TH ST,BROADWAY AT 14 ST,QUINCY,IL,62301,X,X,X,X,A
201602259349301715,222472997,1,SIGNATURE HEALTHCARE BROCKTON HOSPITAL,680 CENTRE STREET,BROCKTON,MA,02302,WWW.SIGNATURE-HEALTHCARE.ORG,2118,X,X,X,X,TCU/PSYCH
201622259349303862,042103612,1,NEW ENGLAND BAPTIST HOSPITAL,125 PARKER AVENUE,BOSTON,MA,02120,WWW.NEBH.ORG,MA STATE LICENSE # 2059,X,X,X,SEE NARRATIVE DETAIL
201631979349301263,640306253,1,BAPTIST MEDICAL CENTER - ATTALA,220 Highway 12 West,Kosciusko,MS,39090,SEE SECTION C,11-008,X,X,X,X
201642009349301069,580566256,1,EMORY UNIVERSITY HOSPITAL,1364 CLIFTON ROAD NE,ATLANTA,GA,30322,www.emoryhealthcare.org,044-699,X,X,X,X,X
201642009349301069,580566256,2,EMORY UNIVERSITY HOSPITAL MIDTOWN,550 PEACHTREE STREET NE,ATLANTA,GA,30308,www.emoryhealthcare.org,060-453,X,X,X,X,X
201642009349301069,580566256,3,EMORY UNIVERSITY ORTHOPAEDICS & SPINE,1455 MONTREAL ROAD EAST,TUCKER,GA,30084,WWW.EMORYHEALTHCARE.ORG,044-636,X,X,X,X
201642289349303394,390884478,1,BELLIN MEMORIAL HOSPITAL,744 S WEBSTER AVENUE,GREEN BAY,WI,54305,WWW.BELLIN.ORG,147,X,X,X
201622259349302297,030219309,1,University of Vermont Medical Center,111 COLCHESTER AVE,BURLINGTON,VT,05401,www.uvmhealth.org,SOV LIC #844,X,X,X,X,X,X
201632249349300018,060646652,1,YALE-NEW HAVEN HOSPITAL,20 YORK STREET,NEW HAVEN,CT,06504,WWW.YNHH.ORG,0044,X,X,X,X,X,X
201632259349303693,060646844,1,SAINT MARY'S HOSPITAL INCORPORATED,56 FRANKLIN STREET,WATERBURY,CT,06706,X,X,X,X
201632289349302983,060646813,1,ST FRANCIS HOSPITAL AND MEDICAL CENTER,114 WOODLAND STREET,HARTFORD,CT,06105,X,X,X,X
201632289349305238,362170866,1,INGALLS MEMORIAL HOSPITAL,WWW.INGALLS.ORG,0001099,X,X,X
201631949349300638,540793767,1,St Mary's Hospital of Richmond Inc,5801 Bremo Road,Richmond,VA,23226,http://richmond.bonsecours.com,H1833,X,X,X,X,X
201642229349300824,020222215,1,ST JOSEPH HOSPITAL,172 KINSLEY ST,NASHUA,NH,030612013,00023,X,X,X
201641349349306709,710437657,1,CARTI ST VINCENT,4 ST VINCENT CIRCLE,LITTLE ROCK,AR,72205,X,RADIATION THERAPY INSTITUTE
201641349349306709,710437657,2,CARTI BAPTIST,9500 BAPTIST HEALTH DRIVE,LITTLE ROCK,AR,72205,X,RADIATION THERAPY INSTITUTE
201641349349306709,710437657,3,CARTI NLR,3401 SPRINGHILL DRIVE,NORTH LITTLE ROCK,AR,72117,X,RADIATION THERAPY INSTITUTE
201641349349306709,710437657,4,CARTI CONWAY,2605 COLLEGE AVENUE,CONWAY,AR,72034,X,RADIATION THERAPY INSTITUTE
201641349349306709,710437657,5,CARTI MOUNTAIN HOME,622 HOSPITAL DRIVE,MOUNTAIN HOME,AR,72653,X,RADIATION THERAPY INSTITUTE
201641349349306709,710437657,6,CARTI SEARCY,405 RODGERS DRIVE,SEARCY,AR,72143,X,RADIATION THERAPY INSTITUTE
201641349349306709,710437657,7,CARTI BENTON,3 MEDICAL PARK PLAZA,BENTON,AR,72015,X,RADIATION THERAPY INSTITUTE
201641349349306709,710437657,8,CARTI CLINTON,2500 HWY 65 SOUTH,CLINTON,AR,72031,X,RADIATION THERAPY INSTITUTE
201641349349306709,710437657,9,CARTI DP200,9600 BAPTIST HEALTH DRIVE,LITTLE ROCK,AR,72205,X,RADIATION THERAPY INSTITUTE
201641349349306709,710437657,10,CARTI DP330,9600 BAPTIST HEALTH DRIVE,LITTLE ROCK,AR,72205,X,RADIATION THERAPY INSTITUTE
201641349349306709,710437657,11,CARTI ELDORADO,600 SOUTH TIMBERLANE,EL DORADO,AR,71730,X,RADIATION THERAPY INSTITUTE
201641349349306709,710437657,12,CARTI HEBER SPRINGS,1800 BY PASS ROAD,HEBER SPRINGS,AR,72543,X,RADIATION THERAPY INSTITUTE
201641349349306709,710437657,13,CARTI IMAG,9600 BAPTIST HEALTH DRIVE,LITTLE ROCK,AR,72205,X,RADIATION THERAPY INSTITUTE
201641349349306709,710437657,14,CARTI LRHO,9500 BAPTIST HEALTH DRIVE,LITTLE ROCK,AR,72205,X,RADIATION THERAPY INSTITUTE
201641349349306709,710437657,15,CARTI MORR,4 HOSPITAL DRIVE,MORRILTON,AR,72110,X,RADIATION THERAPY INSTITUTE
201641349349306709,710437657,16,CARTI PET,9601 BAPTIST HEALTH DRIVE,LITTLE ROCK,AR,72205,X,RADIATION THERAPY INSTITUTE
